Name,Location,Website Link
泰禾知音湖院子,知音湖大道与后官湖环湖路交汇处,https://wh.fang.anjuke.com/loupan/444401.html
招商愉樾,鹦鹉大道189号,https://wh.fang.anjuke.com/loupan/472731.html
天纵御府,岱黄高速以西，盘龙一路以东（天纵城广...,https://wh.fang.anjuke.com/loupan/448411.html
中铁金桥公馆,四新大道与连通港交汇处,https://wh.fang.anjuke.com/loupan/450671.html
花博汇桃李春风,知音湖大道西80米·花博汇旁,https://wh.fang.anjuke.com/loupan/462517.html
美联德玛假日三期德玛风情,三店黄狮海东路与三店大道交汇处,https://wh.fang.anjuke.com/loupan/452920.html
绿地汉正中心,沿河大道一号,https://wh.fang.anjuke.com/loupan/441329.html
君荟天地,姑嫂树路20号东侧（地铁6号线石桥站E出...,https://wh.fang.anjuke.com/loupan/444996.html
蓝城春风江南,还地桥黄岗片区，滨湖绿道以南，规划三...,https://wh.fang.anjuke.com/loupan/462500.html
翰林尚苑,文化大道与新发路1号交汇处（地铁7号线...,https://wh.fang.anjuke.com/loupan/435326.html
万可后海,新十公路（解放大道延长线）汉口北中心...,https://wh.fang.anjuke.com/loupan/459474.html
绿城尊蓝,星光大道9号（星光大道与红花路交会处...,https://wh.fang.anjuke.com/loupan/458342.html
力高雍湖湾,知音湖大道与祝圻街交汇处【文岭村公交...,https://wh.fang.anjuke.com/loupan/443963.html
德信江南大院,莲花湖大道与公园路交汇处,https://wh.fang.anjuke.com/loupan/453106.html
华发峰尚源墅,潘庙四路和潘庙大道交汇处,https://wh.fang.anjuke.com/loupan/439297.html
华发中城中央公园,柴泊大道与阳靠路交汇处往南200米（新...,https://wh.fang.anjuke.com/loupan/445159.html
玉水金苑,阳光北路新城世家北侧约70米,https://wh.fang.anjuke.com/loupan/458351.html
合一星光天地,革新大道与七雄路交汇处,https://wh.fang.anjuke.com/loupan/440405.html
空港中心D区商墅,延喜路与景云路交汇处,https://wh.fang.anjuke.com/loupan/435325.html
纽宾凯汉city N+Hote,汉阳大道与永丰路交汇处,https://wh.fang.anjuke.com/loupan/463171.html
华发外滩荟,鄱阳街49号圣教书局,https://wh.fang.anjuke.com/loupan/464805.html
藏龙29墅,藏龙大道10号,https://wh.fang.anjuke.com/loupan/482030.html
梧桐花园,白沙洲大道270号（武昌区人民检察院隔...,https://wh.fang.anjuke.com/loupan/455633.html
碧桂园优璞城,四新大道与龙阳大道交汇处(地铁3号线四...,https://wh.fang.anjuke.com/loupan/472696.html
新华壹号LOFT,西北湖建设大道与新华路交汇处,https://wh.fang.anjuke.com/loupan/500699.html
光谷云鼎,神墩五路与光谷六路交汇处，西邻新月溪...,https://wh.fang.anjuke.com/loupan/478660.html
渝樾春江,纱帽大道地铁16号线周家河站（建设中）...,https://wh.fang.anjuke.com/loupan/490500.html
隐秀山居,蔡甸广场茂兴路与独山南街交汇处（蔡甸...,https://wh.fang.anjuke.com/loupan/504818.html
汉口新界悦街,航空路26号（华中科技大学同济医学院旁...,https://wh.fang.anjuke.com/loupan/435575.html
保利上城商铺,白沙洲大道与江国路交汇处,https://wh.fang.anjuke.com/loupan/463363.html
金地悦江时代商铺,古田二路凯德广场南向约400米,https://wh.fang.anjuke.com/loupan/444121.html
武汉大悦城写字楼,高新大道南侧，东湖管委会正对面,https://wh.fang.anjuke.com/loupan/467481.html
中建壹品澜荟商铺,金银湖街道银柏路与环湖路交汇处,https://wh.fang.anjuke.com/loupan/497969.html
光谷学府商铺,高新二路与高科园路交叉口东北100米，...,https://wh.fang.anjuke.com/loupan/471727.html
青青佳园商铺,金银潭大道26号,https://wh.fang.anjuke.com/loupan/504492.html
美好长江首玺商铺,青菱街南郊路与丽水路交汇处,https://wh.fang.anjuke.com/loupan/462555.html
中海·长江十里|江花泾,滨江商务区五期二七社区特1号,https://wh.fang.anjuke.com/loupan/501578.html
银湖翡翠商铺,金山大道178号项目现场（北邻高尔夫球...,https://wh.fang.anjuke.com/loupan/503718.html
光谷企业+,大学园路理工大科技园内,https://wh.fang.anjuke.com/loupan/446447.html
美好长江首玺,青菱街南郊路与丽水路交汇处,https://wh.fang.anjuke.com/loupan/461571.html
融侨方圆,川龙大道环后湖北路与临空东街交汇处,https://wh.fang.anjuke.com/loupan/436921.html
香港置地光明地产印湖云著,后官湖大道与枫树三路交叉路口,https://wh.fang.anjuke.com/loupan/473840.html
华侨城欢乐天际广场区,洪山区团结大道（地铁4号线工业四路站...,https://wh.fang.anjuke.com/loupan/497984.html
顶琇国际城,发展大道与马场二路交汇处,https://wh.fang.anjuke.com/loupan/459035.html
金湖听语四期Soho,金银湖南一街与环湖西路交汇处,https://wh.fang.anjuke.com/loupan/458422.html
正荣紫阙台,南湖大道208号,https://wh.fang.anjuke.com/loupan/436289.html
盘龙正荣府,盘龙大道天纵颐景康城西南侧约160米,https://wh.fang.anjuke.com/loupan/463559.html
中设众安双屿大观,观湖路与车城大道交汇处（神龙小学湖畔...,https://wh.fang.anjuke.com/loupan/488337.html
武汉恒大科技旅游城,天子山大道景观路3号,https://wh.fang.anjuke.com/loupan/448991.html
正荣恒瑞御峯,豹溪路与神敦五路交叉口,https://wh.fang.anjuke.com/loupan/488331.html
玉金山墅,湖北省武汉市蔡甸区索河镇金龙水寨（蔡...,https://wh.fang.anjuke.com/loupan/498991.html
长投航空路壹号璞寓,航空路同妙墩路交汇处,https://wh.fang.anjuke.com/loupan/499502.html
城南华府书香世家,龙腾大道以南古城大道以西,https://wh.fang.anjuke.com/loupan/478245.html
蓝光雍锦香榭,凤凰路与腾飞街交叉口西北67米（地铁四...,https://wh.fang.anjuke.com/loupan/482087.html
融创山水拾间,知音湖大道与五贤路交汇处（五贤路马鞍...,https://wh.fang.anjuke.com/loupan/481839.html
世界城瑜樾东方,珞雄路与光谷西班牙风情街交汇处,https://wh.fang.anjuke.com/loupan/482144.html
中国中铁金桥璟园,汉阳大道与红光路交汇处,https://wh.fang.anjuke.com/loupan/466501.html
汉口左岸天地二期,汉黄路以西、民生堤以北、刘店街以南、...,https://wh.fang.anjuke.com/loupan/471087.html
华发中城中央荟,阳逻街道阳福大道与机场路交汇处,https://wh.fang.anjuke.com/loupan/473598.html
